x,Y
-6.77999380977791E-01,-6.98756982327707E-01
9.31437462260128E-01,1.91391334504545E-01
5.48291311494497E-01,-6.01714620859834E-03
8.72836923293258E-01,3.75023317823541E-01
4.35427203079897E-01,-2.94726379260182E-01
-5.36253308256206E-01,-1.63470807333569E-01
9.35533985967336E-01,-6.99502378272658E-02
1.59219355654259E-01,9.71414940769463E-01
-6.11547305434931E-01,7.51418444146997E-01
4.23040310116698E-01,-2.68125393631694E-01
1.73146599080783E-01,-4.58362606878629E-01
-2.19125296367225E-01,-3.98848989684599E-01
9.61089285380589E-02,-5.19601932010645E-01
-1.04485902382117E-01,9.42076851730121E-01
9.67686887520225E-01,-1.74182639523195E-01
7.54242275879389E-01,-6.21617317535502E-01
-4.39956515067879E-02,-5.3198652293591E-01
4.30365191349839E-01,-3.55165377911409E-01
-1.02780733901189E+00,1.55325068984193E-01
-2.28547749916307E-01,3.82528681458432E-01
7.17577023145546E-02,9.89000421576379E-01
6.55803367902494E-01,-8.12774995226696E-01
7.5849045863898E-01,6.29617799126131E-01
-8.66655523508819E-01,-4.97840814385141E-01
-5.20034815382769E-01,7.21904406323222E-02
3.94908685684702E-01,2.215294859179E-01
-4.80140546645381E-01,-9.87542648993012E-02
-1.84217696731E-01,-9.21755264663514E-01
1.01596230178136E-01,5.24726534475071E-01
-1.40615159705856E-01,-4.20061887509464E-01
3.05418259228654E-01,-3.05835686188049E-01
-8.50260521669931E-01,5.02583322014229E-01
-5.20933357290908E-01,-1.04919409242468E-02
1.57636717043275E-01,5.23338203723013E-01
-4.34188799123069E-01,2.39180876789363E-02
3.16512510352276E-01,-3.94524626960956E-01
-6.03595427980937E-01,-6.75229786096369E-01
1.20921223546154E-01,-9.69693407446147E-01
-6.99461414264621E-01,-7.00145076814699E-01
-8.29812739009816E-01,3.8449737502431E-01
-4.50134804369512E-01,-2.8503001011652E-01
3.42891408701329E-01,-4.55510411438944E-01
5.3181387174774E-01,3.14308268206944E-02
7.38476835798939E-01,-6.57937671355504E-01
-6.15457420361898E-01,7.68497565844996E-01
-3.78751736323408E-01,-8.93042992647925E-01
-4.69287270566487E-01,1.70619146640796E-01
9.40516022529652E-01,-3.45081358135028E-01
2.80564436077597E-01,3.18425253256181E-01
-3.75462798181583E-01,-3.87241812653035E-01
5.13356309813523E-01,2.49786173179569E-01
-4.61774077586852E-01,-2.24138225266415E-01
5.31831336483934E-02,-9.48770752331667E-01
7.08083797622171E-02,-3.80032120685287E-01
-1.60072009367253E-01,-8.95151006789933E-01
-2.74872399005187E-02,-5.54549244500309E-01
9.12893764895653E-01,-3.42490288469857E-01
-4.4138944843219E-01,-8.90763591402773E-01
4.5478988621458E-01,3.28087020933529E-02
-5.06643588700861E-01,8.04822910718153E-02
-7.34677308220054E-01,-6.66445869288987E-01
8.60849283028961E-01,5.54750786994056E-01
-4.56707306704924E-01,2.21557112713793E-01
-3.31154152274889E-01,9.6916610372355E-01
3.53494428864827E-02,4.66655451828773E-01
-8.86699152528742E-03,5.16405197792933E-01
-3.12811248936408E-01,-1.01686817603571E+00
-3.31718064354504E-01,-4.39312944061098E-01
-7.53689657625922E-01,-6.42231746332454E-01
-5.46627320782856E-01,7.98963984915743E-02
9.14885495401069E-01,8.76608115933985E-02
-9.46636422757032E-01,-5.93911784700732E-01
4.07068030843129E-01,1.08281895188758E-01
-4.09579472742188E-01,2.93544146494625E-01
4.18978523806952E-01,8.71143156018614E-01
-7.96733394265998E-02,-9.59064217762505E-01
2.22705515574125E-02,4.92023680707033E-01
-1.28444879465357E-01,1.0340378857331E+00
2.96128810433572E-01,9.27400373104967E-01
2.21447658051091E-01,-3.72742652526195E-01
4.23269204174089E-01,-2.12434409690735E-01
-9.24347372288246E-01,-3.5127116842359E-01
-6.05628632540687E-01,-7.15164198082558E-01
-7.65675805140471E-01,-7.28862120614648E-01
3.38073383464102E-01,3.72802713922437E-01
-4.28441216762852E-01,8.07282701124558E-01
3.33686335874219E-01,-2.63153561929635E-01
-5.24092123713248E-01,-8.48993447164686E-01
-3.86090796831168E-02,-9.95679528149828E-01
-9.84525865384808E-01,4.69509212395283E-02
2.10340334418682E-01,-9.85423985705613E-01
8.88553031486049E-03,-9.96032389713859E-01
-6.59498663272712E-01,5.9458243689759E-01
9.71926350438975E-01,2.24893969413193E-01
-3.53676926964157E-01,-2.35195785007591E-01
-5.78250173594303E-02,-5.6634679639269E-01
8.71633741182292E-01,-6.33180700877309E-01
-3.21463896303179E-01,9.31367786443989E-01
9.8481673000578E-01,2.81003161034891E-01
8.71669615754002E-02,5.29270040971067E-01
-3.88276701120529E-01,1.93738970846669E-01
1.79648286053678E-01,-4.97590881043552E-01
5.51416194973794E-01,8.73006750058224E-01
5.70451689277399E-02,4.97795712829945E-01
-5.73832210408809E-01,3.33615595750659E-02
7.4691899034089E-02,5.79819494575859E-01
-9.52957907486953E-01,3.25481301699494E-01
-7.32914227049232E-01,-5.2806854361269E-01
2.48819871051332E-01,-9.56670759614895E-01
-5.11008982020872E-01,1.80195992037644E-01
-1.59667698910161E-02,1.03727048984495E+00
9.61245377847107E-01,8.72564912567181E-02
9.24576656674825E-01,3.80657353579259E-01
6.9458852956793E-01,5.84796859161039E-01
-1.68396128365329E-01,-4.86704748318968E-01
1.12855934027659E-01,4.5566437352487E-01
9.05956950640338E-01,2.35715525336935E-01
-1.93360116917592E-01,-3.80149730114587E-01
4.28584461784364E-01,2.79267420139663E-01
-1.29808387458684E-01,-1.00686475466289E+00
8.49347439295785E-01,4.33454757209341E-01
9.58172258310298E-01,-4.07165415538149E-01
-6.84629309505089E-01,-6.98641523626081E-01
-3.03698087684468E-01,-9.35910262881255E-01
-6.05070924376983E-01,-8.70112019075359E-01
-1.71775223483719E-01,5.04553008377451E-01
-9.4108678081933E-01,-3.6349900579599E-01
-1.02689522682318E+00,-1.76612709065197E-01
2.51773641497171E-01,-3.75209889773794E-01
-3.92332991020289E-02,5.08236542134318E-01
5.98627284753714E-01,1.6147523994341E-01
1.50253260839774E-01,4.67935846317791E-01
-1.58062551263311E-01,9.93672020670269E-01
-1.74484212051455E-01,-4.90936370307518E-01
7.9735264502231E-01,-5.70801787549715E-01
-8.8023819750315E-01,5.81656267667908E-01
2.48483130593689E-01,9.75321332459121E-01
-7.64438964671701E-01,6.4096007814381E-01
-5.55156951825927E-01,2.22930799226218E-01
3.98576866413503E-01,-8.75907837615732E-01
-9.08205185688864E-01,4.07284877200656E-01
5.39886475709792E-01,-8.45203263022389E-01
1.62115754923482E-01,4.40918038825615E-01
4.81714954713742E-01,1.16852811208014E-01
-4.94545788887818E-02,9.73072362160919E-01
-1.09495310893735E+00,-2.65919548600086E-02
8.17613600955273E-02,-8.82491520903337E-01
-9.35893130899497E-01,3.78655285345246E-01
3.9756116858238E-01,-1.69954460013464E-01
9.74015912404922E-01,5.92818076692044E-02
-8.54687391383922E-01,6.5992742765453E-01
-4.68957073720941E-01,-2.82842218445644E-01
9.80104105057836E-01,2.49931447454244E-01
8.69433347273232E-02,5.13642775863142E-01
5.41957169645781E-01,1.44447840831076E-01
-1.99354348735129E-02,4.11956792195618E-01
4.95278701474422E-01,-1.84584975900914E-01
-9.92969460343977E-01,7.21644882174086E-02
-4.50943812301519E-02,4.69166850231641E-01
9.09350625591868E-01,-4.4918573892346E-01
-2.25597847215914E-01,-4.73253000485802E-01
8.6510906798466E-01,-4.96427493336112E-01
-2.27253413097065E-01,9.97429454902887E-01
-4.6106027007109E-01,-1.7974972351155E-01
2.54634014676721E-01,-3.91796287361466E-01
1.62349064262466E-01,3.9920544770754E-01
-5.47371676918531E-01,1.99307620935066E-01
4.32874552885334E-01,-2.88995200920416E-01
-8.38898161645686E-01,3.9556174059536E-01
9.85177857149167E-01,1.97549440866196E-01
-8.66027793433057E-01,-5.0254968730091E-01
5.07850642426737E-01,1.7382884000583E-01
3.80958882199325E-01,-2.12232297225465E-01
-8.46906205279559E-02,1.01647156675361E+00
-2.22871628457188E-01,3.97239928195159E-01
-9.00582184492249E-01,-4.7454008471364E-01
2.37291697252227E-01,8.30082608440068E-01
-4.62334279376936E-01,-9.58491168479372E-01
2.94506863203881E-01,-3.9242349761912E-01
6.60606295874368E-01,-6.80099206507392E-01
-8.52687067843619E-01,5.49440127263084E-01
-3.07097655256327E-01,8.59803648713244E-01
9.86496841898541E-01,-2.86052727079714E-01
1.07288971045173E+00,-1.4781690621259E-02
3.47050584011581E-01,-9.52040927696089E-01
7.92056756749134E-01,6.22891676243725E-01
8.56374118544612E-01,-6.59352231930171E-01
7.16643149184877E-01,7.39131460400864E-01
-9.49821958707077E-01,-4.13829927056529E-01
4.39083557476014E-01,9.73049483412457E-01
-9.01443241697191E-01,4.7357459153785E-01
-4.17679248867451E-01,-2.92203664337357E-01
-4.01663438239962E-01,2.30490411993001E-01
-7.70459016419491E-01,-6.24692778095074E-01
1.04649389593553E-01,-4.19056965930229E-01
-3.51992421085839E-01,9.25475521800488E-01
-4.61884770399032E-01,8.10543442767295E-02
7.76156411206379E-01,5.634173287236E-01
-6.09452721964737E-01,7.76123917744731E-01
-8.69825597616322E-01,6.11029877973728E-01
-9.36342638190921E-01,-2.50396129779754E-01
9.47640644276787E-01,1.95188742954058E-01
1.72000540218381E-01,5.05505430521146E-01
6.70847060755137E-01,7.22336658356787E-01
-1.2818027118559E-01,3.82630246620463E-01
8.49433329940953E-02,9.70973184421109E-01
5.0243215580856E-01,8.36911273260504E-01
-7.65820263076554E-01,-5.98352879730672E-01
2.67782689797644E-01,-9.53261421663527E-01
-1.36963231253128E-01,5.05817175959957E-01
5.26329486627931E-01,6.97379831921001E-03
3.37775027899283E-02,-1.00228729074184E+00
1.06064631007971E+00,4.54129093497079E-02
5.00938706056468E-01,-5.94198528941596E-02
-4.40592328523614E-01,-1.86962339732957E-01
-7.25036535674153E-01,-6.70232157589884E-01
-2.59295229357866E-01,-3.95699384537803E-01
3.56994062893086E-01,3.02501638544321E-01
4.1126882799239E-01,-8.65534173992711E-01
-4.5959509055474E-01,1.27022397501738E-01
1.87556828618366E-01,5.0356629608879E-01
3.50990029693026E-01,9.6271349836885E-01
9.46578181588749E-01,-2.11255182755085E-01
5.99336798385123E-01,-8.42506496155608E-01
-1.86973833095139E-01,-1.05728763670055E+00
-7.81940741227272E-01,-5.18191642881998E-01
5.04377160388152E-01,-1.12437605435514E-01
-4.24957829151433E-01,-1.31915120438745E-01
-9.88046673771609E-01,-2.90393423914313E-01
5.8373756918728E-01,7.62403129817239E-01
9.05616420424562E-01,-1.91903854544303E-01
1.22915188916075E-01,-4.78366607996958E-01
3.21184434060808E-01,-3.80730399751143E-01
9.2529326536816E-01,-4.52891751707769E-01
1.77570246175565E-01,-9.32051059941459E-01
2.85046958066295E-01,4.23628169297954E-01
-5.06985050285062E-01,-1.10505189877835E-01
4.82755693480536E-01,-8.36039389531956E-02
-3.08917090147546E-01,1.03590503412843E+00
-4.86190617155508E-01,-7.93736018941758E-02
-1.09447852884896E-01,4.83734639573551E-01
9.27041568192726E-01,3.72614775266633E-01
-2.27087517421788E-01,3.96411938128854E-01
1.94855653642449E-01,-4.31768322782794E-01
8.0712686898777E-01,4.101533772943E-01
-4.87038718687068E-01,-1.97967479025689E-01
-1.59641780443448E-02,-4.83815711981115E-01
-2.75203482858217E-01,-9.55065903462183E-01
-3.22384211628551E-01,2.99987776410201E-01
-6.80302376487037E-01,6.86720225233717E-01
3.00083469340224E-01,-2.09033865055574E-01
7.68798644737216E-01,-6.59105718351095E-01
-3.16120563677803E-01,8.41761441524168E-01
-1.00477821350864E-01,4.41616811375195E-01
-3.17350503748605E-01,4.63190526334497E-01
-1.68533134746857E-01,-5.24660137172748E-01
-2.10372087874417E-01,9.10182300915402E-01
3.80472599420372E-01,-3.01154415832741E-01
1.05920926140528E+00,-2.38329763033675E-01
-4.37668067702183E-01,2.60651180389641E-01
-9.18126669444302E-01,-6.25615439659394E-01
6.61263262906863E-01,-5.9286248844118E-01
2.08280774656603E-01,5.11717484736361E-01
-8.62469549711059E-01,5.60692539900035E-01
-3.57175249606057E-01,-2.53458329011347E-01
4.19587189568242E-01,-8.62856890944322E-01
7.54557849130041E-02,-4.99759371875127E-01
-1.12885830701597E-01,4.95239260735758E-01
-9.47117224026868E-01,1.15546324814902E-01
-3.86085856185184E-01,-9.34257051300982E-02
3.97381186226204E-01,-3.58283012993329E-01
5.86200667009443E-01,-3.98412264566731E-02
3.73323065441915E-01,-2.11077419586827E-01
5.23410748783882E-01,-3.13836706753592E-01
-3.02929848228812E-01,3.92801786573226E-01
-3.73474806008003E-01,-9.72741477417221E-01
-5.357436625614E-01,-1.1134411712155E-01
3.04600745261989E-02,9.52754963071294E-01
-8.33726448455643E-01,6.23528401422543E-01
3.30402275335583E-01,-4.15523922105707E-01
1.98182741521823E-01,-4.17873959935007E-01
4.19157988255066E-01,-2.2080720950961E-01
2.43254380484642E-01,-4.80817992080914E-01
-1.64163933630933E-01,4.47863014971577E-01
-3.56430454387683E-01,3.16113413397601E-01
9.6067343133143E-01,-5.32562185954628E-01
-2.17009480692399E-01,3.992488908169E-01
-1.8297672707376E-01,-9.68203587034705E-01
-4.86861100711883E-01,1.07000647492334E-03
-9.98200720662837E-01,2.85769698262668E-01
-2.58566138287312E-01,-3.48945386176136E-01
1.00140106914424E+00,-8.37527751202654E-02
8.99495596832862E-01,3.99639219218387E-01
-2.91195384316147E-02,-1.01145633681076E+00
-5.10888747262758E-01,-3.38080251995436E-02
-2.36222466283982E-01,1.0143093579959E+00
-2.51343447351168E-02,5.00611052860625E-01
-1.77920418933636E-01,4.45064789375043E-01
4.58140729102325E-01,-1.09140217105748E-01
-7.64946445106077E-01,-6.21198457747852E-01
4.86057514477726E-01,-8.60181811841888E-01
7.27379592802301E-01,-6.63890590591557E-01
-8.96434601532243E-01,4.31432256124845E-01
3.53965267155182E-01,9.06513003287311E-01
4.94337263212848E-01,-8.65661341073581E-01
-6.77503983244945E-01,-7.98776570699197E-01
9.81943487772848E-01,3.48848969896707E-01
-4.17313494437187E-01,2.30326055091021E-01
-5.34694373315454E-01,8.55942819574529E-02
-1.03621052807263E+00,1.38269347945724E-01
4.70304290293528E-01,1.16419776073185E-01
-7.5820297609369E-01,-6.34538307795686E-01
2.98848362416667E-01,4.59690616052456E-01
8.66894371124784E-01,-4.94182048573134E-01
-8.87719251317752E-01,-3.76569061956723E-01
-4.62028729167226E-01,-2.63351735235963E-01
9.85976014446628E-02,4.85243537776505E-01
-4.20277878725481E-01,-2.14920336992627E-01
9.46166744587977E-01,5.15925613922934E-01
-3.41843392686843E-01,9.25878379271637E-01
-8.67366644431528E-01,3.97897617432653E-01
4.02215089829852E-01,2.93868332644609E-01
-5.12864477588289E-01,-2.31789149513523E-01
5.47199666991356E-01,-1.09035992324511E-01
9.06324440022434E-01,4.90821754826091E-01
-1.09815221203102E-01,4.97706482863948E-01
-8.86318099750776E-02,-1.02119859099034E+00
-2.90761556080909E-01,-9.32944351132695E-01
-3.94196737156819E-01,2.5647903835615E-01
-2.87779791912504E-01,2.53139700486564E-01
-1.01140076017136E+00,-3.85878791965931E-02
3.605751084026E-01,2.94392214328057E-01
-2.97504721775298E-01,-2.31838735707554E-01
8.6478968946508E-01,2.76511431682583E-01
-6.60444945388102E-01,8.12649872626956E-01
-1.93293950021189E-01,5.44460764779991E-01
4.06887999998672E-01,-2.96967809269451E-01
6.05197935163626E-01,8.62783954586993E-01
2.16620234792645E-01,-4.31741821856911E-01
-5.19715313853552E-01,1.7532010976401E-01
-8.36740365458653E-01,-5.27318217415862E-01
5.44606457726509E-01,8.54625270472465E-01
-7.50759460338063E-02,1.10721579433081E+00
-3.55730466224564E-01,3.9013585113597E-01
1.78467999771699E-01,-5.16519688149322E-01
-4.14952463085221E-01,2.3003464634018E-01
-4.00819334510928E-01,3.01431623554346E-01
4.79758293078755E-02,-4.30378310026886E-01
4.52762574961076E-02,-9.68817486026365E-01
1.73567744342659E-01,-5.00155782731239E-01
4.12779570264426E-01,2.05281540557274E-01
-1.79632566994136E-01,-5.30021964754951E-01
-4.92470485715143E-01,-9.4286994508541E-01
-8.42716890673665E-01,4.66668355963188E-02
2.53651814542495E-01,-4.23415701208703E-01
-1.75362035631424E-01,-4.91157725028512E-01
-2.51316363316949E-01,-4.5269889777016E-01
3.47521036365238E-01,-3.37458395012253E-01
-4.28995309457025E-01,-8.40093749563955E-01
4.55201378254481E-01,2.87714439240241E-01
2.26315515773772E-01,-9.35593144212899E-01
8.343390621101E-01,3.59790797319674E-01
-5.15076047013837E-02,-4.32374042851466E-01
-1.51291321503462E-01,-9.15884500393505E-01
7.46569325261284E-01,7.3668977492908E-01
2.54548437349153E-01,4.1687942849287E-01
-4.46321583342224E-01,-2.92014838629304E-01
-1.4535101031648E-01,-4.9086879516517E-01
8.96340955529958E-01,3.82620799834314E-01
-2.99117701050968E-01,3.5976445320842E-01
7.83893413894774E-01,6.06463496557227E-01
-6.05867150670513E-01,-7.7754283825681E-01
1.04327340322923E-01,-4.97190736731656E-01
1.01067810457364E+00,-8.44269016052591E-02
1.34126210202384E-01,-4.83766333559635E-01
-4.32429066015752E-01,8.46934003728817E-01
8.14121744888871E-01,-5.61370070358386E-01
9.5393261190856E-01,-2.13570372448111E-01
2.20573101350842E-01,-9.82055386990786E-01
1.2950094986755E-02,9.94213117672971E-01
2.11677569511086E-01,9.47324956894458E-01
1.83041174283617E-01,-4.10489973805159E-01
-8.41033593831215E-01,3.97786271527704E-01
9.744890772236E-01,8.88326747227486E-02
-1.83429655669936E-01,-9.28581380573371E-01
3.06612619340184E-01,-3.50987356829255E-01
-6.22287632420318E-01,-8.3405575301081E-01
1.9717436310896E-02,-1.00888640406483E+00
-4.76608111722654E-01,-7.87283302341566E-02
-9.79637487060778E-01,-9.37955813077432E-02
2.18739949210842E-01,4.8115655321083E-01
-3.52025631329486E-01,-3.54291065279417E-01
3.17820975997545E-01,-2.36924442291642E-01
4.19290893386611E-01,3.26368968180846E-01
-5.49357342993347E-01,5.35761651610772E-02
5.08233666420821E-01,-2.96204927664125E-01
7.25601437430153E-01,-7.51717217454067E-01
-8.87707308494036E-02,-4.56016448996501E-01
1.04633623670718E+00,2.75552867268825E-04
-2.15563510393886E-01,4.55457085325388E-01
-5.08650620090899E-01,5.63244636261769E-02
5.10433782084132E-01,-8.88737935228079E-01
1.17663612459495E-01,5.25736345763345E-01
-3.80720699554505E-01,2.27414841580472E-01
4.78516710945915E-01,-1.22765943897182E-01
-4.24343765907916E-01,2.33289269898299E-01
4.54686961195461E-01,-8.76208227841217E-01
-4.41405438183451E-01,1.46214886652842E-01
1.6384007912807E-01,3.82481894361375E-01
5.69653752121834E-01,8.5292956790237E-02
-9.8653353315348E-01,-4.78660942450904E-01
-3.87835618481887E-01,-9.16126297167837E-01
-1.27071628869861E-01,4.2638421954558E-01
-1.99391052312102E-01,-5.2614607810823E-01
-1.03574205354479E+00,-1.96234366084084E-01
-5.12330601365832E-02,-4.65138783786243E-01
-4.28368870937482E-01,-4.7363635542319E-02
-4.76370933787938E-01,-1.38416324190518E-01
4.26817193011591E-01,2.15754496864293E-01
4.95331034440501E-01,1.9153259819435E-01
4.15164152373489E-01,-2.63428591086649E-01
8.3825897098543E-01,-4.94880238039026E-01
7.50892733635761E-01,-6.89372702287886E-01
-4.95793896383504E-01,-1.09527254943331E-01
2.34780944336894E-01,4.27291415923718E-01
1.55416935672172E-01,-3.99607757415633E-01
5.66996369106738E-01,-7.60462816580976E-01
-5.07943242354943E-01,8.06252976367349E-01
1.00032183805756E+00,-2.97022921764324E-01
8.35510128193702E-01,-6.38753797046691E-01
4.37386008993771E-01,3.50651677712358E-01
-7.7615780156443E-01,-4.90756632287077E-01
3.47570567829421E-01,5.09520719578269E-01
-4.77439103622143E-01,8.61656166324195E-01
-9.71328872824107E-01,-3.70001472562413E-01
-4.00732735101764E-01,-1.90103264573746E-01
-5.45941698725152E-01,9.05461067033974E-01
-4.33640557771856E-01,1.66344108325073E-01
7.35793619141932E-02,-5.04870959867189E-01
-6.03775887209728E-01,-8.67520111444707E-01
2.08232250527726E-01,-4.73394931584377E-01
-8.77820034025249E-01,-4.0242211249985E-01
-4.17911391024148E-01,-3.64645609074152E-01
4.1757751611083E-01,-1.86013423571874E-01
-2.95228923505659E-01,3.85250712275736E-01
4.87793031794184E-02,-4.36436723279624E-01
-3.79830904950379E-01,-2.51604697260661E-01
-4.91248142815981E-02,-6.01650478243061E-01
-4.21046114107671E-01,-1.31184507221585E-01
-3.76240199661449E-02,3.85957945301162E-01
-3.01450355884082E-01,-8.45250087362072E-01
-3.22129321912487E-01,3.73384451003686E-01
-1.7798431258787E-02,-9.96370747507679E-01
6.02487687361447E-01,-7.94053972227901E-01
6.95779294175284E-01,-7.42608130838833E-01
-4.10989098790398E-01,3.60556785735073E-01
-7.96268901722935E-02,5.84187293751999E-01
4.79044098895792E-01,-1.80924907604933E-01
-9.8572928440642E-01,-3.88356968679942E-01
-1.90552344879134E-02,9.64548514247017E-01
-3.99048254667606E-01,9.11348332094506E-01
-7.99025178115084E-03,-4.10155478391938E-01
6.41841455164037E-02,-5.15430338505195E-01
4.48936937286115E-01,-2.23399878604156E-01
-4.90114959823593E-01,1.38612184737621E-01
2.43716478130923E-01,4.62987417254767E-01
8.59155368080529E-01,4.44468173973178E-01
2.02434912057357E-01,-4.99261605010059E-01
8.05168819599447E-03,-5.15215797743737E-01
6.56703565141785E-01,-7.30801507306482E-01
4.09827020887514E-01,2.98935995429834E-01
-4.63198832060666E-02,4.41091856109711E-01
4.46147780050701E-01,2.25252466949468E-02
1.33034709511544E-01,-9.73218612235331E-01
7.47156963280017E-01,6.52587561776354E-01
-7.67682562776771E-01,-6.69114593461387E-01
-4.27129916667719E-01,-2.49255267279636E-01
-4.4785060162494E-01,1.61125768176731E-01
9.02154860422674E-01,3.58619140392339E-01
-2.62299140596128E-01,-3.78196611785576E-01
-3.8237878845449E-01,7.53528480587757E-01
4.70632402393752E-01,-1.57225663720352E-01
-7.34168686176347E-01,6.2716103693448E-01
9.2323907908705E-01,-4.76153296836708E-01
8.70000537059271E-01,-4.71650156221439E-01
-6.51063670333788E-01,7.04730052581496E-01
2.01007038523968E-02,4.34650274122142E-01
-7.04383324020752E-02,-9.78500435264261E-01
-9.84267125445809E-01,-1.57078428753428E-01
-6.73375934983797E-01,7.5556285610628E-01
-4.13699386292905E-01,1.59980123464192E-01
-5.26451345503808E-01,-7.56120136950416E-01
5.77600366651597E-01,-6.79384333476716E-02
-5.41984701871667E-01,-1.36137173513421E-02
6.48840704483894E-01,-7.53134879509506E-01
-7.07874283120874E-01,7.14192184892635E-01
-3.99472123258679E-01,3.75040950776064E-01
3.0363849018361E-01,4.09791937653704E-01
-9.88832099459483E-01,-1.19125388293734E-01
-6.62158895660004E-01,7.6475231485272E-01
-9.74709861233187E-01,-3.34435484041948E-01
-5.98474566234915E-02,-5.47556373102294E-01
-9.26453836821788E-01,2.37144104446798E-01
-7.14904005970234E-01,-6.42234501646222E-01
-1.06199661723997E+00,1.44262069635633E-01
4.99472094111396E-01,-9.38722761743924E-02
4.36698048083025E-01,4.56442426068904E-01
-1.4557471277935E-01,-1.01578727725104E+00
-8.33639495615489E-01,4.15878173814783E-01
-5.38611307224641E-01,-1.30033437936782E-01
-4.78821757788435E-02,9.88186653905616E-01
5.47303446106873E-01,5.95637358887203E-02
-1.52243640268427E-01,4.82598443557496E-01
8.83322557829086E-01,5.51497135640482E-01
-5.25825696069604E-01,-8.99296318969116E-01
9.40642554787863E-01,7.93293743180495E-02
1.59548700294171E-01,4.71706177236906E-01
-4.31122042479161E-01,-8.69813487141496E-01
-4.20376290285998E-01,-2.84673941595463E-01
9.6411449429273E-01,-3.16045149072324E-01
9.07207047338623E-02,-5.10466703779967E-01
8.46677280689953E-01,4.21471409699384E-01
-3.23696429618029E-01,3.88932369253872E-01
3.60118384261874E-01,-3.42293323038479E-01
-9.06269454958008E-01,-3.32858054232469E-01
-1.72270054333412E-01,-1.00339776265803E+00
-1.1238570893007E-01,1.01209746796458E+00
-8.96784101646546E-01,3.73224045323748E-01
-5.90284157010519E-01,-7.78549527498882E-01
3.44964930081922E-01,3.63181510956791E-01
-1.59234538637526E-01,-3.89218354243913E-01
-3.10178078887722E-01,-9.37731805042678E-01
4.63531864504174E-01,-2.06672719416707E-01
-1.01885701567855E+00,-3.36616096310263E-01
4.08806360162173E-01,-9.58344833911969E-01
-3.10497965208357E-01,3.45930687706806E-01
2.80534194415389E-01,-9.66997815950031E-01
-9.13461605812451E-02,-1.03566223497665E+00
4.46761844750711E-01,1.83807959779926E-01
-6.80359744641974E-01,-7.79284305974358E-01
-3.60953986160851E-01,-3.63679362426713E-01
4.4799349327125E-01,8.25973737661397E-01
1.03520590980223E+00,1.25412891743093E-01
-5.04643709699354E-01,1.90075779413474E-01
2.72663301661622E-01,-2.91740350524954E-01
-6.7900575770717E-01,-7.16972194547512E-01
-7.88487986173322E-03,-1.02377572806714E+00
-2.64651481921528E-01,3.28190788047824E-01
4.77002594793522E-01,2.87398776099308E-01
-3.01861281636725E-01,-3.94858293048728E-01
7.02428836078299E-01,7.28898391640872E-01
8.22623166117329E-01,4.86387424823763E-01
-5.51960540648807E-01,-1.6651544228689E-02
-5.4259301346398E-02,5.06987493942746E-01
-9.87546392933158E-01,-1.79946654807008E-01
1.75134426018476E-01,8.92756318104067E-01
-3.3031256501628E-01,3.72251327958388E-01
1.741608996974E-01,-5.29993384943648E-01
-9.9670756913692E-01,2.34107526719819E-01
-6.55174997227774E-03,1.11593021693852E+00
-4.81870041500104E-01,-1.77123596628253E-01
-1.03793326214007E+00,8.93822268552273E-02
6.49831177269641E-01,8.85336720223319E-01
7.44833350635411E-01,-4.13087499223754E-01
-4.88744272167651E-01,8.12115706990121E-01
-1.36409575296603E-01,5.69903389352864E-01
-9.02982346070269E-01,4.31386695098017E-01
-9.06680143201418E-02,4.23669372093852E-01
-1.03257830825117E+00,-1.10511956202488E-01
-1.06699415098194E+00,2.10198399564827E-01
-6.33368570415657E-01,8.05055116633543E-01
-9.45786062248831E-01,1.42619320965668E-01
-4.7133304091964E-01,-1.66391619449414E-01
-4.39499352440901E-01,3.37179055878643E-01
2.93863787286723E-01,-3.72853877244975E-01
9.33752715942875E-01,-2.47618355550762E-01
4.38967805826314E-01,-3.44030280772228E-01
1.02584251129512E+00,8.33769867713133E-02
8.48691961820566E-01,4.09470083802687E-01
3.85670748606748E-01,-3.12713758059203E-01
-3.53100644855535E-01,-5.05542882399583E-01
5.0067228711704E-01,2.07075170158622E-01
-9.92601488679279E-01,9.43026512957314E-02
4.81474881274566E-01,1.67594912305643E-01
5.36282601353296E-01,-1.34783776017756E-01
1.9684641809658E-01,-4.67952181908417E-01
9.35402147054167E-01,-1.33774544149573E-01
7.50427132849274E-01,-6.69785284882094E-01
6.9990585435449E-01,7.07979591021666E-01
-3.6999254563334E-01,-4.1424855566774E-01
2.44227955872226E-02,-4.80681031341963E-01
-4.02995102659264E-02,1.0049996032656E+00
8.2552750452199E-02,1.02021587705674E+00
8.21231658964086E-02,-4.96301244436934E-01
4.53135964318323E-01,-2.25144415889078E-01
9.21309123505991E-01,-3.04054955267091E-01
4.13877305200721E-01,2.08432259818088E-01
-2.01806805398068E-01,-9.75618450130448E-01
9.94211955071394E-01,-9.0429206461724E-02
7.9480837328364E-01,6.10930182415914E-01
-4.81421438311119E-01,1.23684733908266E-01
-9.16294641228147E-01,-2.48705091969395E-01
-7.20330296432874E-01,8.21486030864165E-01
2.18266213590657E-01,-9.62246205133611E-01
-8.8041059658805E-01,-1.05727362372835E-01
6.1270252738256E-02,-4.64200944539302E-01
4.59177109669404E-01,9.25890708882002E-01
-6.538356651236E-01,8.05293725321148E-01
4.67594324175588E-01,1.3707408329458E-01
-2.76385451861245E-01,-3.95558416954673E-01
7.34201954637627E-01,7.22301816840236E-01
3.75361332136167E-01,1.89260240723965E-01
1.93503962838542E-01,-3.5373661748296E-01
-1.04672410267833E-01,4.29292555100452E-01
-5.32232764703967E-01,-2.78900290754415E-01
5.22314070877032E-01,3.21653902294989E-03
-7.5367454406157E-01,6.63683819251088E-01
-6.37161219984925E-01,8.01986700242813E-01
4.73039325200222E-01,-1.2813212280696E-01
8.92201307162495E-01,-5.10702278583947E-01
-2.20470976900454E-01,-4.51810819466863E-01
5.20514152012688E-01,-9.02346128899225E-02
-8.02982313688046E-01,-3.44827196249493E-01
8.35273521635309E-02,4.67431119359463E-01
-9.5886121569306E-01,1.35800878999814E-01
3.59596703465555E-01,-8.98956901722509E-01
-4.78897492084455E-01,9.69480246313333E-01
8.30386973784289E-02,-4.94771299637131E-01
9.71487493630336E-01,-3.24154957289688E-01
-1.52729773529858E-01,-5.5483805123387E-01
-1.11314671189558E-01,5.23428260544222E-01
-4.29918451283922E-01,3.3462748824471E-01
4.26712657021311E-01,1.9964110214539E-01
-9.45872829938795E-01,-1.59619505772762E-02
-6.18716722304165E-01,-5.77648802881746E-01
6.65113765099161E-01,8.11856784146928E-01
-3.70518884976436E-01,-4.30922941136163E-01
-1.76774147707819E-01,-4.6253550294042E-01
7.95572380532115E-01,-4.68388464470512E-01
-4.56108166042401E-01,-1.96353602654654E-01
-4.68822902867805E-01,-9.27027407967555E-01
6.98176712821771E-01,-7.17686844364754E-01
-4.83735932266943E-01,6.26620507409177E-02
-7.5896723627281E-02,-5.1517974345637E-01
2.50324686709994E-01,3.78778189030968E-01
7.47389404581157E-02,5.68740928669246E-01
-9.70513068899802E-01,7.28795094574382E-02
5.11299741379939E-01,-1.56758803761472E-02
-1.01440916312601E+00,-1.23088816801622E-01
-1.79696847081014E-01,1.04434074797642E+00
8.86630230030194E-01,4.97947342476756E-01
-3.23734884331926E-01,-4.65293857271988E-01
3.86387101102523E-01,3.69442609883989E-01
-6.70068814590509E-01,7.30703815073432E-01
-5.5725881461715E-02,-4.84028440584725E-01
4.96089857030218E-01,7.38031497681733E-02
-4.61010005324514E-01,-1.14446761577193E-01
-3.85740212637878E-01,3.77162019374728E-01
4.6271672480828E-01,2.11399498775348E-01
-2.17344925658162E-01,-9.1262517863653E-01
-7.22023058802628E-01,-7.62704574004561E-01
-4.65835672749599E-01,-2.10399892249598E-01
-1.55214720114824E-01,-4.49591545356805E-01
1.83615527968696E-01,-3.72897104101878E-01
-3.36088126593973E-01,-4.79256043560906E-01
4.32812525333894E-02,1.04788518779185E+00
4.85354244481504E-01,5.17760612299675E-02
1.0146353020619E+00,-9.73135757095564E-03
1.10734546310434E-02,-5.50879475172547E-01
-9.16355784690061E-01,5.10770607559627E-01
-2.21728836508633E-01,1.03386011088313E+00
-8.33287053863007E-02,5.11365904740838E-01
1.73632360988843E-01,-3.8002476372508E-01
-8.33345821057608E-02,5.10564106372063E-01
-2.55195439426851E-01,5.0786718317796E-01
-2.57340473050054E-01,-9.92995382250293E-01
-5.34571889697329E-01,9.04510798878133E-01
9.59089466307877E-01,3.32995412563045E-01
7.10884570228637E-01,-6.68362740587607E-01
-4.57089992949994E-01,-1.19186840871507E-01
-3.71356444580642E-01,8.43448214121009E-01
1.76816975386434E-01,5.09167022990866E-01
-1.25945115165638E-01,4.81279986493801E-01
-2.10093831254909E-01,4.79303431726222E-01
2.56893918120567E-02,-4.71464154049736E-01
-1.38035386091867E-01,4.20076839494056E-01
-5.55669652777973E-01,8.01907550038698E-01
6.82826872268615E-01,7.30236729667144E-01
9.40400428627848E-01,1.6422524886041E-01
4.22610421307413E-01,-1.40270301212958E-01
2.58934157804066E-01,4.03768395670932E-01
3.92850469448908E-01,3.08710894169225E-01
-3.53734889237777E-01,3.37216227314801E-01
2.41158170830783E-01,4.03967276357916E-01
4.86631762103453E-01,-2.03835629306822E-01
-4.01697710772301E-02,-9.76752570763875E-01
-2.77385589135334E-01,3.29737085953047E-01
-4.51353722805727E-01,-1.86306642599187E-01
-3.34576913250478E-01,-9.85400157604083E-01
5.42603136642089E-01,-8.92565328636463E-01
-5.67149431012652E-01,-7.84832887280524E-01
4.28928758959797E-01,-2.48270126114058E-01
-2.96177165868794E-01,4.42089283073762E-01
9.76837527802514E-01,-1.36481341432183E-01
4.93476286137057E-01,8.57802227164223E-02
4.68365090826689E-01,-8.12991407845697E-02
-5.30079502332549E-01,7.5961956390345E-02
-9.20269625671286E-01,1.52420061338862E-02
1.02695310640308E-02,4.22162190090471E-01
-2.99806860465202E-01,8.59004509918006E-01
-9.74348904890326E-01,-3.3823505125893E-01
-1.39248044684591E-01,9.40724487141609E-01
7.21951025001783E-01,5.78520086803088E-01
-6.40884436247709E-02,1.03696758853764E+00
-5.79669093393685E-01,-8.0017069649172E-01
4.28869991608684E-01,1.65490529598812E-01
3.54811815636993E-01,1.0716199191333E+00
4.00754565582763E-01,1.06264209410714E-01
-8.98130200906101E-01,4.8227403279734E-01
-3.0425948048939E-01,-3.69391552185501E-01
2.20212120799126E-01,3.23096301478218E-01
-7.81949406181494E-01,-6.23955492996964E-01
3.67733568281315E-01,8.76235271809064E-01
-2.53623834859032E-01,-4.11581006232169E-01
-3.5757686284344E-01,-1.78153648767389E-01
-3.72692766635136E-01,-1.98907641351786E-01
-4.06149079139906E-01,3.55235143465258E-01
-1.5336372434109E-01,-5.39392984084297E-01
1.01718569455024E+00,-6.2681604499767E-02
3.44751740795346E-01,-1.0369937011736E+00
3.08679862492514E-01,3.84987189826E-01
-8.91925665000659E-02,-5.0944522661929E-01
7.68379970264984E-01,6.36211314635265E-01
2.91619521881804E-01,1.07585055576958E+00
-5.13504923564979E-01,1.48544393383751E-01
-4.95244999715294E-01,-2.0578726836377E-01
-3.5847978140192E-01,-3.54498204886753E-01
4.46033049966954E-01,9.29606920140022E-01
-4.63365365173811E-01,1.76339507045523E-01
5.25788514230964E-01,4.79468503206466E-02
-9.57992640392657E-01,-1.54614452281776E-01
3.49895079887313E-01,8.50707670618292E-01
-8.31504351986865E-02,4.68087536764359E-01
-9.02391908023604E-01,-3.79333647706703E-01
-2.84483623505745E-01,2.52711408231655E-01
8.04622195659158E-03,4.91874583874176E-01
-1.06904008635285E+00,-2.35483996089034E-01
5.41314517615029E-01,7.06890870966689E-02
4.01161150784297E-01,-3.20203036595148E-01
2.45583388958013E-01,5.42472191232645E-01
4.10516382281397E-02,5.18706755528473E-01
-8.99948993492655E-01,1.65899787564902E-01
6.74320219072783E-01,7.86183307281321E-01
4.95283737281263E-01,-8.15470723271072E-01
1.27167279458557E-01,-9.51990385963432E-01
1.00625340999599E+00,3.05377480813273E-01
-6.60673538092212E-01,-7.78330717969405E-01
3.3186972999272E-01,9.28536493108847E-01
3.06922146858831E-01,-4.8599861801387E-01
2.80188914092945E-01,9.43399942358877E-01
-5.5381938854553E-02,-1.07762569025777E+00
2.41308593689438E-01,4.75104646315198E-01
9.40159644139184E-02,5.73092393515739E-01
-3.94661011951036E-01,-8.96597566378212E-01
-4.27261001940555E-01,1.6985568040395E-01
-2.7567365268722E-01,-4.71097752658982E-01
-4.02322660168421E-01,9.15196015395454E-01
-2.79216161508217E-01,4.62328191170659E-01
-4.13871205694136E-01,9.20624639461386E-01
4.817467637904E-02,-4.70363293091737E-01
-5.62606459907654E-01,-3.59135220558291E-02
-3.20784330130396E-01,4.53396294268289E-01
7.31346443679932E-01,-7.70325841378824E-01
2.65057236471776E-01,-1.06997515232798E+00
9.9508779657329E-02,5.01058222004104E-01
-5.01527959606991E-01,-1.95086366877207E-01
8.09791087137703E-01,5.13726618354093E-01
3.35597715388635E-01,-4.27182936704235E-01
5.33888233515544E-02,9.53206755707824E-01
-3.19600085108344E-01,9.20112975706178E-01
1.80820700361172E-03,9.11416660722955E-01
-3.69341464241712E-01,-3.83086325098943E-01
-1.19685457646604E-01,4.74282498614454E-01
-1.87142911684446E-01,4.74779323570289E-01
-3.25911103684602E-01,-1.02563967410323E+00
8.65542403576871E-01,-6.1879949895548E-01
9.08153245472657E-02,4.19351097942442E-01
-3.69453641459043E-01,2.94803205889029E-01
-4.82743731297995E-01,2.2182248935685E-01
4.45478469654966E-01,1.25008427542973E-01
-9.66670534477155E-01,-2.62354240357223E-02
-1.73210411992736E-01,-4.53061379577505E-01
3.02726710938065E-01,-5.03563865942316E-01
-9.70381481295546E-01,3.44969316401352E-01
3.18372514948193E-01,3.98460334303383E-01
-5.57220586961891E-01,8.44918776180894E-01
9.83051556126314E-01,-5.81023639393524E-04
-5.51473425348879E-01,9.12464754874493E-01
5.15335976103974E-01,5.41560858463268E-02
9.28300529275014E-01,3.6119739453469E-01
4.9639779656543E-01,-6.3496228926538E-02
-7.73902058539771E-02,-1.01646173375336E+00
5.25592661003663E-01,8.79311137028737E-01
5.81995977632657E-01,1.23192271173698E-01
6.27640310393227E-01,-6.78406175089588E-01
-3.45231960941647E-01,3.31676332181455E-01
8.99027823508922E-01,-3.73112850624776E-01
7.02078216114931E-01,6.7346251509277E-01
-5.21316719925543E-01,6.02434726805218E-02
-6.01738457019747E-01,-8.03358171858433E-01
3.98822739025088E-01,-8.54224883281352E-02
3.29889316790481E-02,4.7467016279102E-01
8.00713686410143E-01,-5.91060663138791E-01
9.86086311942925E-01,1.65684146510671E-01
-3.88702985259198E-01,8.94500118389489E-01
1.03233199799398E+00,4.49814690985915E-01
1.9294176281449E-01,8.67326179593051E-01
-7.71062052949713E-01,-5.1947831437961E-01
1.00555356928279E+00,-1.17032937256766E-01
4.61505850560001E-01,2.88623811082603E-01
-1.54529727675112E-01,-5.44828585298235E-01
-4.86014941393423E-01,1.18645292774835E-01
3.76450126413972E-01,3.09614583314199E-01
-8.06288677945144E-01,6.30393720379144E-01
-3.19939814310056E-01,4.11189423283632E-01
5.1524876729536E-02,1.04020427337196E+00
9.5078795622469E-01,-4.21353380499942E-01
7.01025274676961E-01,-7.43509264123687E-01
1.12521677798602E-01,-5.35038347365273E-01
-7.59595187824112E-01,6.9836488605474E-01
4.91356446245877E-01,-1.21127481248501E-01
-1.27813496952922E-01,-4.17264727398046E-01
5.14027871389623E-01,4.86778368685363E-02
-3.53651976796708E-02,-4.88239155454718E-01
-3.056257638664E-01,-4.87870486933374E-01
-5.1946320855018E-02,4.74658077656582E-01
7.44776636722285E-01,-6.6335883814313E-01
2.9927880587763E-01,-3.77281440107771E-01
5.50034461871862E-01,1.98918954206281E-01
-1.66453225633134E-01,9.13320531742346E-01
-1.02131606734124E+00,2.99420874024867E-01
-8.27893468531718E-01,6.06639954270324E-01
-1.87675195466519E-01,9.69991332657844E-01
4.49251550635427E-01,-8.52632048048022E-02
-7.67316193072077E-01,6.34944071786411E-01
-1.02403464652374E+00,-6.06368004796802E-02
1.68886713322346E-01,9.41175612256133E-01
-8.97485664355291E-01,-3.61962635714817E-01
-3.3287338336711E-01,9.66019873008756E-01
3.92345934152939E-01,-8.97802617646732E-01
1.04440803698038E+00,2.273241692692E-01
-3.6703627075205E-01,-8.38349856897537E-01
-5.04570730898327E-01,3.26477911506759E-02
7.80274758454217E-01,5.32232053599167E-01
6.79892011344982E-01,7.08961273707659E-01
-4.39129123026109E-01,-1.24303998213722E-01
-9.56624016787015E-01,-1.22036951851969E-01
3.54346023611548E-01,3.79391495260821E-01
1.03065358187701E+00,-3.54615088460617E-02
-1.00692891250064E+00,2.28021185654812E-02
-5.18946344936355E-01,7.71744689041869E-01
-2.19356571828317E-01,-3.71994720968987E-01
-1.94637740233135E-01,4.31672142066155E-01
-8.05355565657054E-01,6.00713965763611E-01
5.08990290835545E-02,-4.62851859949313E-01
4.3222199531538E-01,-3.17450069160787E-01
-9.88472791003035E-01,-3.45246713896634E-01
4.61139210532223E-01,-2.0982594173087E-01
6.17601356256573E-02,4.81055315830276E-01
9.84320741891469E-01,3.318834266832E-01
-1.92601903013154E-01,9.96800219641197E-01
-2.21279832649748E-01,-9.40993513526372E-01
2.19954011884461E-01,-4.9037795343237E-01
-6.04191426340173E-01,-8.77882009389852E-01
2.38072292903397E-01,-9.3516699176029E-01
7.00646135827544E-01,6.42797997529321E-01
-4.486596560305E-01,-8.75637755520137E-01
-6.79050827816423E-01,7.04964913298964E-01
-3.2319484043114E-01,-3.34981419094022E-01
2.90346944267392E-01,3.29249662474137E-01
8.02617614721999E-01,5.52108053861576E-01
3.50058288217261E-02,-9.33954444738682E-01
9.48727007322563E-02,1.01423644861516E+00
-4.61480563459409E-01,3.28048336376093E-02
3.74549376780995E-01,-3.95426117602202E-01
-4.97668701309574E-01,-8.66974516157882E-01
5.64979748747248E-01,7.71421759004314E-01
-7.55255605765385E-01,5.91952842162958E-01
8.5303638811416E-01,6.2030675978543E-01
8.81030869115109E-01,3.68812028825715E-01
-5.19580113901504E-01,6.3203806917931E-02
5.1624457584063E-01,1.00367657854982E-01
4.50105116024949E-01,8.75225313941843E-02
-2.08434280902468E-01,-3.73102227358746E-01
-3.11448903856868E-01,2.78893917418874E-01
4.0368306272894E-01,-3.56228911278246E-01
-9.73683503202494E-01,3.98928694311896E-01
2.01784266456883E-01,-1.00475664476722E+00
5.58342833296391E-01,-7.40752661676048E-01
3.44015599495648E-02,-9.50940336525676E-01
2.45964781007551E-01,4.4079417940374E-01
3.55502631031641E-01,-4.30035501000969E-01
5.5343540633889E-01,-2.46366242584745E-01
-9.91333491325294E-01,-3.17265064475362E-01
6.42114716049322E-01,-8.54215559363825E-01
5.50147983543673E-01,2.47611611562706E-02
4.51397886872466E-01,-1.91056826252831E-01
-2.08500046096246E-01,-5.1455067482157E-01
-7.22273554707893E-01,7.09757247418841E-01
8.94669496997962E-02,-5.0575185094313E-01
3.20687702510959E-01,1.83010763019292E-01
4.96722352557247E-01,-8.91701952391572E-01
-3.72066878932798E-01,-9.09622668356643E-01
2.41996124136869E-01,1.05197240992783E+00
-9.5814342826877E-01,2.7526737817622E-01
3.70230889393247E-01,-2.98905723541965E-01
-5.97010524361404E-01,-8.48202630798632E-01
9.31079721434634E-01,4.14752349986673E-01
1.01047652884489E+00,-8.63102339553289E-02
4.87209415209482E-01,8.64506564914099E-01
5.55037868518283E-01,5.40170635777723E-02
-7.04031029060467E-01,-6.67663725161773E-01
-1.54694222000347E-01,-4.74038448516567E-01
1.33300299369485E-01,4.94701419565449E-01
9.0004805326355E-02,-4.76426236471913E-01
-1.93423945204148E-02,3.99013623195931E-01
-8.698000218045E-01,-4.89999227737815E-01
3.58399445801497E-02,1.03111139509694E+00
1.81952545691627E-02,-9.8503271486505E-01
-2.99541589422226E-01,-3.10751770052025E-01
-8.99980916219193E-01,-3.95738738131393E-01
-8.99360160613527E-01,4.02692428763547E-01
5.85884073537735E-01,-7.79693049618026E-01
8.09334685918165E-01,-6.38817972590307E-01
-9.74410939203812E-01,2.58078748093568E-01
-7.21276431506728E-01,-6.08132018899139E-01
-1.8417083899958E-01,3.84247599030627E-01
1.06646964258252E+00,1.77711913168982E-01
1.32496962025304E-01,5.06993372493489E-01
-4.57499518160269E-01,5.61745736499261E-02
-4.7002526062755E-01,8.22204878796699E-02
4.35519480189131E-01,-9.21139254284145E-02
3.01191563495419E-01,-4.68053958334371E-01
-3.78980510807049E-01,3.12109458231129E-01
3.63742350438921E-01,-4.11327566486467E-01
-1.00850633945248E+00,2.03303140342934E-01
-7.3862654178041E-01,-7.45201309117027E-01
-8.99888846460933E-01,5.37852981114923E-01
4.51593718928713E-01,8.73413799979547E-02
2.89243988274831E-02,-5.27891228988636E-01
-8.35158870770942E-01,-5.54372345294792E-01
1.34478708525452E-01,9.26280327215859E-01
9.48205556341421E-01,-4.4552288395451E-01
4.74911441064691E-01,-5.61952855466483E-02
5.11050323456098E-01,9.18604952058851E-01
4.60029278153192E-01,2.99128763790121E-01
-1.78994740164686E-01,-3.95846631048967E-01
-4.13852839652146E-01,-3.32490275619668E-01
4.29056179828843E-01,3.15831039450485E-01
7.44840356466957E-01,6.35992110629327E-01
9.67198079874663E-03,4.90752504754861E-01
-3.70537549188308E-01,-2.37352105387482E-01
-1.0035243750344E+00,2.95700061534694E-01
-9.29624333984745E-01,-1.84736496448706E-01
-3.14312935718701E-01,-3.66878290712604E-01
-1.01443388896171E+00,-1.21327905124713E-01
-9.89513939495119E-01,-8.00569592673265E-02
2.25726181154367E-01,5.332676817328E-01
-2.83893574764916E-02,-5.31209959602317E-01
5.96054022648554E-01,8.75476672095181E-01
-2.31778886174551E-01,-5.22481435076957E-01
-4.817225695602E-01,-3.87149194703011E-02
-2.52789103511206E-01,1.02940898936769E+00
-9.70262923080292E-02,-4.28760696035391E-01
9.44188309141402E-01,1.95782863548126E-01
-3.12066715146129E-01,-2.90474784711098E-01
5.33306237817301E-01,4.01633557427429E-02
-1.06472311294166E+00,-1.10084667666171E-01
-5.40323118028067E-01,8.05300311933358E-01
-4.53396761684825E-01,8.410644156229E-01
-5.2287396460713E-01,1.17571635319662E-01
9.09542128687999E-01,3.19462538311931E-01
2.33412573616893E-01,-9.48346309727499E-01
7.3579248112473E-01,-5.6565410855565E-01
-4.26096460686662E-01,-8.60008286178565E-01
3.06203648485867E-01,-3.76464480339815E-01
5.13796788883133E-01,-8.03150841143724E-02
-5.67028963729137E-01,5.07706733836434E-02
-3.57161178140679E-01,4.33139436198024E-01
-3.67561618497887E-01,-3.36762030330219E-01
6.12312422368837E-01,8.32645325621854E-01
-3.32439347393839E-01,3.81783619008004E-01
-9.5431131102285E-01,-2.44050999949062E-02
2.16948916029767E-01,5.19744053196089E-01
4.88313594068956E-01,-8.71015508560773E-01
-2.45132263939076E-01,4.10720765679485E-01
3.51714179620884E-01,-9.24784986973219E-01
-3.18650447919287E-02,-4.33848044162732E-01
-3.65679058858413E-01,4.46656284562544E-01
4.78103614146331E-01,-8.66873612327468E-01
4.55618395738916E-01,2.47756440457306E-01
1.6916267136346E-01,4.1992500451785E-01
8.40898841389775E-01,-6.74092012429744E-01
2.21997851812399E-01,-1.01337401583089E+00
-3.92459141715238E-01,3.40925322327259E-01
1.02838742252441E+00,-2.04017145988031E-01
1.31399965546812E-01,9.48342476868085E-01
9.39001403177798E-01,-6.75874658258016E-01
-4.60550542326744E-01,8.84334991104753E-01
8.76336225965595E-01,-4.46612956174266E-01
-4.19194198880363E-01,9.15646444595751E-03
-3.69247795157951E-01,2.47623842328277E-01
-3.05213890625558E-01,-4.66131996094889E-01
2.66817844784893E-01,4.74927065777069E-01
9.53632808036522E-01,-3.1870280955328E-01
4.82722118079212E-01,-1.07249254848615E-01
-9.04047845572485E-01,5.07719271253125E-01
4.39847815847355E-01,9.07631453176082E-01
8.4048749689084E-02,-5.2916905127861E-01
2.37456615383065E-01,9.95416354108944E-01
-1.73877815201187E-01,-3.95429842044307E-01
4.50155849872537E-01,-9.58853339017541E-01
3.36824932276391E-01,9.91951779986126E-01
4.60241521604783E-01,8.69154111917171E-01
-3.33713785475474E-01,4.28897884352327E-01
3.6683873638165E-01,3.2196556037689E-01
3.91169177925124E-01,1.04226529759702E-01
4.47770187708373E-01,-1.02860775471324E+00
5.40066022000502E-01,-1.19012439533679E-01
-2.43342914948075E-01,-3.98468413777138E-01
-9.1774586532858E-01,-3.38819843357509E-01
7.2188194534507E-01,7.53840530996594E-01
1.00162129487777E+00,-8.87397361001039E-02
-9.84482922806593E-01,2.64624295765746E-01
-3.60018776605826E-01,-3.82035128393877E-01
4.05406087720801E-01,3.17799851041619E-01
4.06107914701622E-01,3.19287982876818E-01
4.73152496101668E-01,2.85791971295686E-02
-7.44837217384667E-02,5.56967465500534E-01
1.09533634679088E-02,-5.66083770399571E-01
3.9325742845761E-01,-4.146745686022E-01
4.07158711253993E-01,-2.23822517623226E-01
-4.1763280613747E-01,1.89306573991222E-01
6.78346949124743E-01,-7.28899631076807E-01
5.77653121829907E-01,7.73424688573429E-01
4.66233491251899E-01,2.3057313379432E-01
-1.63636078111987E-01,4.87134108053084E-01
3.70501966989281E-01,-2.77419559840016E-01
-7.40524731090162E-01,-6.36081272354037E-01
-4.33690295122268E-01,2.96691725370634E-01
2.02976286141877E-01,-9.38022056568457E-01
-4.15848804416759E-01,2.20314645503843E-01
-4.49295364891353E-01,2.03080619242449E-01
-4.95796975733153E-01,-8.17517932895051E-01
8.74215927581664E-01,-3.77343004837223E-01
-9.83754856697619E-01,-1.54015181366488E-02
-1.24427069218266E-01,6.01232104540037E-01
-4.85738637984852E-01,-2.45096206031772E-01
-8.78236205208121E-01,-1.82226219555788E-01
-8.81332843595E-01,-3.18121330948179E-01
-3.90599763704506E-01,-3.50181931513059E-01
8.17288299813228E-02,9.96557486288425E-01
8.9166590693784E-01,-4.78844629499579E-01
3.65113882473415E-01,2.26571935926514E-01
-8.81244629441822E-01,-5.13695244404372E-01
5.08937873042241E-01,-6.20321801347351E-02
-1.01058733125107E-01,-4.63196103457672E-01
1.01046887591102E+00,-1.65136931467821E-01
-6.07885728368988E-01,6.67311029203031E-01
-4.64874129306603E-01,1.07424487185795E-01
-5.31313320811672E-01,3.95201055073158E-03
5.95536975365523E-01,-7.64054269148605E-01
9.42425341531615E-01,-1.25652132157152E-01
-6.48483293423994E-01,-9.18232693143402E-01
9.1666999080972E-01,-5.56077299912227E-01
9.92609098453682E-01,2.32367869180075E-03
-4.63846348884491E-02,5.5624120777618E-01
-4.76001247071692E-01,-2.06958310350394E-01
-4.54944545593251E-01,-2.27882489502487E-01
-9.83194984599102E-01,4.13574617964107E-01
5.83945159730287E-01,8.84535866489244E-01
-1.90500273970264E-01,9.06292768928008E-01
3.30712144886952E-01,3.00851072329327E-01
-4.95759848136572E-01,9.88711272633045E-01
5.43963847362521E-01,-5.92972013066841E-02
-3.58287010011997E-01,-2.64572170433573E-01
2.23274764171807E-01,-5.346661484426E-01
-5.41845463335893E-01,-1.22201755295784E-01
-1.25065495028839E-01,-4.3306171783967E-01
-1.01621830550195E+00,2.9934773988397E-02
-5.04338937141546E-01,8.66565200931849E-01
9.50124778416739E-01,-1.21831992380973E-01
9.80362865580358E-01,2.67497020381015E-01
3.94181355441606E-01,3.91181206215707E-01
2.30902669512224E-01,-4.07107445148732E-01
8.49827262654385E-01,-4.84924553057676E-01
-5.36631183587645E-01,-1.84924243382977E-01
9.84419455196252E-01,6.57960615422903E-02
4.61852602103892E-01,9.34905671616684E-01
4.16900799278761E-01,3.34080400225508E-01
-9.46589797450028E-01,2.05127219218486E-01
-7.41712944641438E-01,6.15476019712956E-01
9.26394245864902E-01,-3.76758820691316E-01
-2.84763090275586E-01,3.1806635147664E-01
-8.04459979401708E-02,-4.63093660262399E-01
-9.92388620751022E-01,4.61238364319652E-02
-2.76708029245424E-01,-4.40952907193458E-01
-3.32415536246403E-01,9.24614525005039E-01
-9.45088578393421E-01,2.87878706996175E-01
-1.03122232583661E-01,-4.62234256696723E-01
3.11353721630837E-01,-1.04402141373394E+00
-7.71181196313635E-01,-6.37471195966869E-01
7.70971419893204E-01,5.18756036316115E-01
-8.6222039683784E-02,4.27730672910027E-01
-4.66226547368008E-01,8.72673398921938E-01
6.90938991699274E-01,-7.8568867412013E-01
5.4873236371974E-01,8.00596837989544E-01
4.44044923496575E-01,-8.69042001512545E-02
3.91039360110481E-01,-3.78105774638772E-01
1.42521458654879E-01,-9.58675804071162E-01
5.10387166466209E-01,9.29677787149079E-01
-2.84863783601992E-01,4.97143259227048E-01
-4.08416016722181E-01,-2.85712092114975E-01
2.815642176155E-01,3.51807301171432E-01
9.9271438002452E-01,-3.32831157548277E-01
4.54432185168847E-01,8.6986120653032E-01
-2.5828070307327E-01,3.04244921098905E-01
-3.25406424007238E-01,-3.44918698696552E-01
9.84775266707065E-01,7.47240167330836E-02
-4.77903511923052E-01,-9.09028863456735E-01
3.20253752987662E-01,4.09000973834995E-01
-4.22218999123621E-02,3.79767235121785E-01
6.14195198628511E-01,-8.27724400826367E-01
4.02210983560894E-02,3.26741848132336E-01
-2.74336575355426E-01,-3.45169592976849E-01
-1.00370869900595E+00,-2.50560941949332E-01
4.74002671374936E-01,-1.10148628236491E-01
-1.07714584010869E+00,1.93423013367944E-01
3.27366261923867E-01,9.45688653805354E-01
-1.02725835743229E+00,3.02111890107046E-01
-8.97435352151305E-01,5.88509484235762E-01
1.06834180549582E-01,-4.19810279150743E-01
3.57476853258033E-01,-9.50412752337664E-01
-4.60222113624032E-01,-3.07744852453246E-01
-6.59330852627315E-01,7.26168626316376E-01
-1.25560393778716E-01,-4.6326277204161E-01
4.45107338094823E-01,-1.57653759726502E-01
-5.68030593075852E-01,1.95084850208843E-01
-1.01498598105773E+00,-2.35420793757748E-01
-7.01418121154179E-01,-7.50730548969497E-01
-4.05716916712305E-01,-8.94772825496696E-01
-1.79560289949932E-01,-1.00472694457317E+00
-2.20206411104353E-01,4.35016601850026E-01
5.39222623986445E-02,4.67573304688413E-01
-3.48787330006483E-01,-1.69544450853265E-01
-5.35414179833963E-02,-1.08216169084661E+00
1.16742136624484E-01,-5.24174599218214E-01
-3.53468495608238E-01,-3.42155866570763E-01
-5.42439366615194E-01,-4.3689287226792E-02
-2.63367223874904E-02,5.17938206030252E-01
2.17994285641052E-01,9.2025763012589E-01
-9.81647916248809E-01,3.15321926878713E-01
9.0587781891951E-01,4.51922957474801E-01
-4.64860772588063E-01,7.02244546584682E-02
3.60895916361612E-01,-3.42395626144657E-01
4.18599725484891E-01,-2.58813219121245E-01
-8.06425050231307E-01,-6.62185718421096E-01
2.71735025947951E-01,4.33590770013246E-01
-4.22813034811291E-01,-2.56724203159785E-01
1.0950373710411E-01,-4.57609974752952E-01
1.49350246295876E-01,-4.90384143386227E-01
-8.99181755467444E-01,-4.70314314518771E-01
4.67307052779277E-01,6.13036186807038E-02
2.43284539322578E-01,3.33500143407386E-01
3.07520300080259E-01,-4.08844146338068E-01
4.28611315754497E-01,3.07305004862484E-01
-3.38754961383277E-01,3.82676701957636E-01
2.76946560068519E-01,-9.21600211535685E-01
-1.92448256866981E-02,4.97374362165598E-01
-9.54131059856496E-01,2.17698128327493E-01
-3.44901137147878E-01,-4.45351946808624E-01
-2.92173618580304E-01,3.09939952881031E-01
-4.94543385726702E-01,-7.34938733627589E-02
-7.2847685477139E-01,-6.50503843860594E-01
-5.1454779362294E-01,-8.98843552724564E-02
3.6081585819346E-01,-4.07978073526617E-01
7.39496005652046E-01,-6.85008138408926E-01
6.775982682877E-02,-9.34015896661646E-01
5.76355857172479E-01,-8.10585695642351E-01
3.21006229420682E-01,-9.72534858513395E-01
2.13010997685804E-01,3.88702603141929E-01
-7.45159556697859E-01,-6.18341276223299E-01
4.9150137316543E-01,1.18116979582258E-01
-7.96972784966451E-01,5.95278765551205E-01
-4.58436591270689E-02,4.68815308536535E-01
1.00115685943916E+00,-1.78135227537751E-01
9.42885988016069E-01,-3.51556856403343E-01
3.31833466171893E-01,3.30623138900019E-01
-1.41553467076578E-01,5.56937998906762E-01
-4.77403326528559E-01,-1.61100652540256E-01
-3.69510274337811E-01,2.44189762889529E-01
2.42561292825216E-01,-5.77655638628315E-01
-7.33118749606907E-01,-5.87480324781588E-01
1.78209627465574E-01,-9.81740895353124E-01
3.4870416161065E-01,9.35786036696184E-01
2.52214642906509E-01,9.75301096435814E-01
-4.93787297777725E-01,3.74282336118968E-02
5.50540321242629E-01,-1.00111053021692E-01
-5.04781266100762E-01,7.9933008949209E-02
2.73485756478384E-01,3.33708009445623E-01
-1.4999365488441E-01,3.88654773659404E-01
-2.47734790390304E-01,-5.4913149376438E-01
4.55940487629303E-01,-9.03725909767662E-01
3.58294692938286E-01,-9.32358461295859E-01
2.2473194084397E-01,9.64638549581632E-01
5.38465616465914E-01,7.30261356104184E-01
-3.43736210369695E-01,2.79658918187044E-01
4.44941693365904E-01,-9.16537696884505E-01
-2.31685514819486E-01,-4.22261275271776E-01
-9.7841859982384E-01,3.25286693901247E-01
-6.5564309203917E-01,-8.10851720975643E-01
-4.26041818528261E-01,-8.78073286858274E-01
2.91281414603939E-01,-3.8126663482391E-01
-1.35738424169164E-01,-4.94185688067069E-01
7.05822405375968E-01,7.36290811150116E-01
5.16533321793E-01,2.69974301808157E-01
-7.67510798254499E-01,-4.25238910199736E-01
-5.23601343132321E-01,9.21581733107898E-02
1.00069502150248E+00,3.14966271666512E-01
3.01603382754352E-01,4.21053922778318E-01
-8.15995334817404E-03,-5.44579398524354E-01
-6.4308234575597E-02,4.50383168506358E-01
8.58790737784021E-01,-2.31316452871509E-01
4.87321836927E-01,-2.32450491766129E-01
4.40479586821253E-01,-2.51660758981631E-01
4.76226658428487E-01,6.88646991680501E-02
2.26160446592138E-01,4.39080950083515E-01
-2.67102391006996E-02,-9.46613980623809E-01
3.29355371150204E-01,-2.60582621245966E-01
8.00359716645947E-01,5.61858846659062E-01
-3.90559633021756E-01,-8.89959076479459E-01
-5.06942514628955E-01,-8.83698917304571E-01
-1.03438890508737E+00,2.87685308458166E-01
-3.42719313541399E-01,9.77152196956812E-01
3.55105665060245E-01,9.32131896831568E-01
-3.97898438547519E-01,1.88358190923634E-01
-5.30486874102407E-01,-1.37699798034447E-01
5.24105872383487E-01,2.39886908123025E-01
-4.72426807909346E-01,-8.56932203623407E-01
1.10046108834015E-01,-5.21438855976763E-01
1.52208837037378E-01,1.06159185561196E+00
4.92373538983784E-01,2.39053624310815E-01
1.4271001066079E-01,9.04404661160357E-01
2.08748038464824E-03,-5.34016381655808E-01
2.38632722823785E-01,-3.4855936651852E-01
4.62593436893666E-01,9.25018087014574E-01
-1.25780414926704E-02,9.57159786228813E-01
4.54615538976103E-01,8.64379132461092E-01
2.68653103485554E-01,-3.77859474940754E-01
1.90129568723918E-01,4.78895893152239E-01
-1.23565651581022E-01,9.60644431782261E-01
-7.92595684064391E-01,6.69592304147572E-01
9.65815502993172E-01,2.8867885936908E-01
4.37699012891435E-01,9.78229175099099E-02
-4.12823586909047E-01,9.59961226556525E-01
5.76256967200251E-01,-7.40743101476702E-01
1.06802539743651E+00,2.67384514488673E-01
-5.77311449913339E-01,1.20710736735288E-01
4.07282553243944E-01,-2.12444146899811E-01
-3.97210093289579E-01,2.34001950793819E-01
2.52226225802363E-01,5.2678946920864E-01
-8.74149925960933E-01,3.39354198713773E-01
-4.13584655377928E-01,9.15740864782843E-02
-6.24371812420269E-02,9.8206410812231E-01
-9.35364800375333E-01,-4.76033370782415E-01
5.33593736254584E-01,-5.52197761633572E-02
3.45677877244395E-01,4.43037796933255E-01
9.28101629353052E-01,-2.02279618519074E-01
9.6503235525006E-02,6.03693906294459E-01
-7.95526067735414E-01,6.5724688265406E-01
8.28282551136218E-01,5.61330800798785E-01
3.76683249590218E-01,1.94640390140485E-01
-1.77282851596699E-01,-9.86708240186903E-01
-4.09409762844126E-02,4.70608556822319E-01
2.76590301694144E-01,-4.42912093266004E-01
2.71131120944782E-01,-4.56700637904754E-01
2.54383008530706E-01,-4.53383560095256E-01
4.16401076969096E-01,3.42873939066664E-01
7.30008469551955E-01,-7.14453390762432E-01
-2.90483220826228E-01,-3.78247812890851E-01
2.24181722307959E-01,-5.26300432884868E-01
4.68004262687339E-01,-8.50299945315732E-01
-4.75101698174507E-01,-2.01755375902196E-01
-1.50610162819599E-01,9.64198210157353E-01
-3.74576067911915E-01,2.96888882671506E-01
3.26126532391024E-01,-4.03444532141785E-01
2.93239281758339E-01,-3.58646297489198E-01
9.77400158097406E-01,-2.46636159086876E-01
8.39435477090671E-01,-3.90964751774315E-01
-3.126020855187E-01,3.29095696203657E-01
3.96109561325261E-01,-1.88652863707787E-01
-3.45810491744268E-01,9.79768951260481E-01
-2.35238980489921E-01,4.24712552007653E-01
-1.21138400244753E-01,4.92546886820526E-01
9.20001252874597E-01,5.79907971333137E-01
9.56540393270202E-01,1.90686775166532E-01
-2.74875681563825E-01,9.89649646002182E-01
4.37721732262167E-01,2.43599402485967E-01
9.91045980035722E-01,-1.19906473847347E-01
-4.56911386569975E-01,-1.06229750096733E-01
5.85620455585583E-01,8.28932179936679E-01
1.53800609770739E-01,9.28592581390858E-01
4.62056856197487E-01,-2.90546273492005E-01
-2.17043589575939E-01,9.90277180706681E-01
-5.84346938780686E-01,6.94665432315989E-01
9.36431948014383E-01,3.87643441473716E-01
1.89224762882817E-01,-9.33063640811387E-01
7.77441614692222E-02,-5.55827328784145E-01
-3.66122622227799E-01,-9.22218056685782E-01
-7.61475498169996E-01,7.04148874459371E-01
-6.99724807086151E-01,-7.3439800216147E-01
4.393029986769E-01,8.19247105122125E-01
5.57673122583139E-01,-7.94108916797978E-02
-2.65055273154127E-01,-6.04686796507239E-01
4.54226141264109E-02,4.85691065822005E-01
8.71393268000728E-01,-5.97538208484307E-01
-5.786525195692E-01,-5.19562210270668E-02
2.10803809845535E-01,4.00318608429727E-01
-5.14011014486417E-03,5.87265172944418E-01
1.0215757870535E+00,1.75318852522456E-01
-4.93216366466687E-01,5.86015625869019E-02
3.9183028424297E-01,1.01146405894105E+00
1.12198539511325E-01,5.05885775698174E-01
-4.94687878837785E-01,-1.66269494688122E-01
8.79431571809176E-01,-4.08510213288019E-01
3.28677047917399E-01,4.01118146870563E-01
2.39682266159287E-01,4.19771268514819E-01
2.19065287909144E-01,-9.3571394694166E-01
-3.25962022641298E-01,3.35466585971387E-01
4.10567804766019E-01,9.03643812074336E-01
9.54672796919983E-01,-3.1990710643976E-02
-1.65428848187923E-01,-4.45167458019731E-01
-3.08758056161173E-01,5.06077267069657E-01
-9.49141613412219E-01,4.10075208634599E-01
2.51788697702401E-02,1.08653431304993E+00
-2.82730516968119E-01,-4.01588841127652E-01
-7.51914950243673E-01,-5.40238908049697E-01
4.01527785297593E-01,-9.54621608603813E-01
-3.25837936760631E-01,3.20584852201819E-01
-7.89071036308866E-01,6.52788434671382E-01
-6.72627009599028E-02,-4.15211463654268E-01
-3.42762702633007E-01,-5.00472965702196E-01
6.14654646554833E-01,7.72827718575301E-01
1.93913484364533E-01,-4.16393743353392E-01
5.98747249453143E-01,-8.97963152970913E-01
1.79492069368502E-02,-5.49916581297962E-01
-7.77863445528924E-01,6.81901356310941E-01
-6.2293496249815E-01,-7.76148200598932E-01
-8.42153107466357E-01,-5.13614528259055E-01
-3.42360983398513E-01,-2.85485116333458E-01
-4.79340213315293E-01,-2.57759267403231E-01
-6.47112784140053E-01,7.08900521856925E-01
4.04161000769446E-01,1.78805426868541E-01
-5.92213483231002E-01,-9.52345432453175E-02
-3.311769961843E-01,-2.7197208665682E-01
9.77967452797258E-01,2.1575435013672E-01
-4.52241589352834E-01,1.19273915137528E-01
-8.98305632702622E-01,5.46822994732287E-01
4.7038541558922E-01,9.77324481745121E-02
1.07444480414943E+00,1.20240990082468E-01
3.11008730449437E-01,4.77227728162478E-01
-4.98992097100807E-01,2.30706071649884E-01
5.53831747846331E-01,5.58558013184528E-01
4.36859614851903E-01,1.561434159335E-01
-4.44444098305575E-01,2.49752704025444E-01
4.86519152869705E-01,-1.06007367807908E-01
-4.21282716966876E-01,1.8062301164156E-01
-4.06001456067973E-01,2.4773168806389E-01
4.5086865460112E-01,1.65908387757289E-01
-3.67994394499413E-02,-1.04883655714908E+00
-2.04806278263734E-01,9.91814442631855E-01
-4.69318968945032E-01,-2.37310597618047E-01
9.60148382930598E-01,-2.95724237345848E-02
2.90758916501995E-01,-9.3110579502941E-01
4.57884815765399E-01,7.27750865342814E-01
9.90829443167528E-01,-1.0991741855281E-01
-2.00070473824736E-02,5.45816159172418E-01
7.09307885704746E-01,8.74297156666119E-01
-1.0109766090882E+00,-7.47844419382676E-02
4.73313606824138E-01,9.26139954657388E-01
1.04520432734591E+00,1.66320775261274E-01
3.8805947568598E-01,-3.12611649405217E-01
-1.10271532398058E-01,-1.06152600220808E+00
-1.02278285978841E+00,7.10006150763771E-02
-8.7985583726701E-01,8.92022223833155E-03
-4.42136808884157E-02,9.35743311506827E-01
8.52582495131494E-02,4.72717977893325E-01
-1.01009033589472E+00,8.44932464019595E-02
-1.53919432869347E-01,5.07330748182694E-01
-9.14801347404785E-01,-7.7787095838353E-02
3.97552180270485E-01,2.53458102692259E-01
-7.12075346633784E-02,-5.84039927951479E-01
-5.86112536326422E-01,8.22000648794489E-01
-3.15848456062339E-01,-4.28398150594582E-01
-4.75201483270568E-01,4.5855754183851E-02
1.19077274605493E-01,9.58340525488842E-01
-4.97031453457418E-03,-6.33132846614436E-01
-9.14964857244686E-02,-1.06342902377343E+00
-9.77250705484717E-01,1.45986341655151E-03
1.05994468426748E-01,5.35126231923164E-01
9.06681685715344E-01,-3.62688566217146E-01
4.19638835024728E-01,2.27265010917149E-01
-1.2809389648841E-01,4.43780708220471E-01
-2.36173355372167E-01,-4.21746857549035E-01
-5.61704551760749E-01,-1.49725247007879E-01
-3.99143781268497E-01,-3.15862904515071E-01
2.498001337797E-01,4.56172560781828E-01
-6.76884432380836E-02,4.74220686809549E-01
-4.03660061937288E-01,-8.9936178257116E-02
4.22567698816304E-01,-1.95348540314455E-01
-5.07067809503065E-01,2.36392594854078E-01
-4.94403706339457E-02,4.9463679265798E-01
5.73601407938276E-01,1.60836766651195E-01
-9.57440717806074E-01,3.46013313652476E-01
-1.0306903343342E-01,9.84878383357518E-01
7.3205377303644E-01,6.54708967864446E-01
5.05812110775003E-01,-8.48135299806325E-01
1.36014243917606E-01,4.3258590417404E-01
4.23961438525142E-01,-1.02340296372908E+00
-9.93447688268693E-01,-7.30761451860631E-02
7.1694892851849E-01,6.86258907499779E-01
-4.75707797486329E-01,-1.38934184759921E-02
-9.32823906132129E-01,-5.20300841871365E-01
5.07098875472132E-01,9.97018620591668E-02
-5.36744747204352E-01,-6.15534390418815E-02
-7.49362636402358E-01,6.42360060726664E-01
8.7175712958845E-01,3.98393191614245E-01
1.39424040802573E-01,-5.79037107833788E-01
-5.13558955814532E-01,8.29711087077061E-01
2.16548091331913E-01,5.18864328543196E-01
5.28755545352124E-01,-2.11614766503516E-01
-4.98062274491955E-01,2.52567890119113E-01
-9.6137239211862E-01,-1.986594473214E-01
-9.97016439351914E-01,3.87508711240956E-01
-6.65681275348806E-01,7.94896160404455E-01
4.79599089204146E-01,1.01103476686698E-03
-4.91049320827968E-01,1.60684433411619E-01
4.18981806456532E-01,-3.24876582100702E-01
5.13647641710423E-01,8.81749849727251E-01
3.8984392061403E-01,2.24850681264075E-01
9.0970771532899E-01,2.2394720759856E-01
-3.20696422720681E-01,-2.23656724969104E-01
1.95747150234745E-01,4.54856947201789E-01
-4.72384363336257E-01,-9.71926823247805E-01
8.18148868684138E-01,-5.52200527167583E-01
3.00139156414964E-01,1.02324834339203E+00
-4.75617906581341E-01,7.66311989155778E-01
9.52991958606375E-01,-2.95726793854894E-01
-1.56673165256102E-01,-9.60557887028373E-01
-7.24894079565531E-02,-1.02953186471146E+00
5.65584050384958E-01,-8.71808690029387E-01
9.68489089254538E-01,-4.16161089974207E-01
-1.58192612110232E-01,-4.69684724770052E-01
-3.56284709630586E-02,-5.66707970778496E-01
-8.68990875588689E-01,-3.93100495302243E-01
1.2075776681269E-01,4.8289044022892E-01
-4.99141959652735E-01,-1.33690939722471E-01
7.18468237012028E-01,-6.73767160743389E-01
4.8394651777823E-01,2.0095307285711E-01
5.04083356736074E-01,-9.27245681841299E-02
-3.80364597627634E-01,-3.48349449550164E-01
6.44130090407374E-01,7.53145374211675E-01
3.25309659362833E-01,4.43521180220307E-01
-7.12699917891595E-01,-6.26572502065499E-01
4.32635213635395E-01,-2.20104811930196E-01
5.0902483918255E-01,-3.33077545072858E-03
-1.40491325005445E-01,4.58992788689783E-01
5.54640810092766E-01,8.31357461679116E-01
3.82892886983198E-01,1.80934731879231E-01
8.5683988159603E-01,6.24507652381346E-01
3.06591056874396E-01,3.142378285007E-01
-1.57257456553882E-01,-9.89906950846794E-01
2.7162328364895E-01,3.21017122625823E-01
4.55401513966089E-02,1.06452643280957E+00
7.42860611478509E-01,6.03701110387733E-01
-7.60978318681129E-02,-9.77182091869854E-01
8.97281126196726E-01,-3.4027404382922E-01
-8.78503136669386E-01,4.87945839360833E-01
3.61001791138296E-01,-3.43894203386058E-01
2.36069669831768E-01,-8.87971257222339E-01
-4.18928178700596E-01,7.64749755438621E-02
3.1044528879326E-01,-9.36192151481341E-01
-6.79949308343107E-01,7.92224454759655E-01
-2.38985135546083E-01,4.34101275805405E-01
2.22413122178392E-01,-4.05034112697778E-01
4.73205358713186E-01,3.41841699625143E-02
4.06588044600236E-01,2.74089164491157E-01
-3.45188158158836E-01,-3.58047973803445E-01
1.71972681507557E-02,-9.45138018348567E-01
9.13778773529951E-01,-5.98841635181071E-01